-- =========================================================
-- PostgreSQL seed data for LUX Zameen (20 listings)
-- =========================================================
-- NOTE: If Hibernate creates the schema, column types and FK names must match.
-- This file assumes:
--   listings(id PK), listing_amenities(listing_id FK), listing_images(listing_id FK)
--   Booleans use true/false (PostgreSQL).
-- After inserts, we sync the identity/sequence so generated IDs don't collide.

-- =========================
-- LISTINGS
-- =========================
INSERT INTO listings (
    id, purpose, property_type, city, location, area_size, price,
    installment_available, ready_for_possession, title, description,
    video_url, email, mobile, landline, created_date, status
) VALUES
(1, 'Sell', 'House', 'Luxembourg', 'City Center', 200.0, 500000.0, true, true,
 'Luxury Family Home', 'Spacious 4-bedroom house with modern amenities in the heart of the city.',
 'https://www.youtube.com/watch?v=bM9iN-rP3aY', 'adnanafzal5509@gmail.com', '+352661691833', '+35298765432', CURRENT_TIMESTAMP, 'ACTIVE'),
(2, 'Rent', 'Flat', 'Luxembourg', 'Kirchberg', 85.0, 2500.0, false, true,
 'Modern Apartment in Kirchberg', 'Fully furnished 2-bedroom apartment close to EU institutions.',
 'https://www.youtube.com/watch?v=bM9iN-rP3aY', 'adnanafzal5509@gmail.com', '+352661691833', NULL, CURRENT_TIMESTAMP, 'ACTIVE'),
(3, 'Sell', 'Farm House', 'Esch-sur-Alzette', 'Countryside', 350.0, 750000.0, true, false,
 'Charming Countryside Farm House', 'Rustic style farmhouse surrounded by lush greenery.',
 'https://www.youtube.com/watch?v=bM9iN-rP3aY', 'adnanafzal5509@gmail.com', '+352661691833', '+35265498713', CURRENT_TIMESTAMP, 'PENDING'),
(4, 'Sell', 'House', 'Differdange', 'Suburb', 150.0, 450000.0, false, true,
 'Cozy Suburban House', '3-bedroom house in a quiet neighborhood, close to schools and parks.',
 'https://www.youtube.com/watch?v=bM9iN-rP3aY', 'adnanafzal5509@gmail.com', '+352661691833', NULL, CURRENT_TIMESTAMP, 'ACTIVE'),
(5, 'Rent', 'Flat', 'Luxembourg', 'Gasperich', 95.0, 2200.0, false, true,
 'Bright Flat in Gasperich', '2-bedroom flat with large windows and modern kitchen.',
 'https://www.youtube.com/watch?v=bM9iN-rP3aY', 'adnanafzal5509@gmail.com', '+352661691833', NULL, CURRENT_TIMESTAMP, 'ACTIVE'),
(6, 'Sell', 'Penthouse', 'Luxembourg', 'Belair', 180.0, 980000.0, true, true,
 'Luxury Penthouse in Belair', 'Panoramic city views with private terrace and premium finishes.',
 'https://www.youtube.com/watch?v=bM9iN-rP3aY', 'adnanafzal5509@gmail.com', '+352661691833', '+35298765433', CURRENT_TIMESTAMP, 'ACTIVE'),
(7, 'Sell', 'House', 'Ettelbruck', 'Main Street', 140.0, 390000.0, false, false,
 'Historic Townhouse', 'Renovated townhouse retaining original charm and character.',
 'https://www.youtube.com/watch?v=bM9iN-rP3aY', 'adnanafzal5509@gmail.com', '+352661691833', NULL, CURRENT_TIMESTAMP, 'PENDING'),
(8, 'Rent', 'Flat', 'Luxembourg', 'Cloche d''Or', 75.0, 2000.0, false, true,
 'Studio in Cloche d''Or', 'Modern studio apartment ideal for professionals.',
 'https://www.youtube.com/watch?v=bM9iN-rP3aY', 'adnanafzal5509@gmail.com', '+352661691833', NULL, CURRENT_TIMESTAMP, 'ACTIVE'),
(9, 'Sell', 'Farm House', 'Remich', 'Vineyard Area', 400.0, 880000.0, true, false,
 'Vineyard View Farm House', 'Beautiful farm house overlooking vineyards and hills.',
 'https://www.youtube.com/watch?v=bM9iN-rP3aY', 'adnanafzal5509@gmail.com', '+352661691833', NULL, CURRENT_TIMESTAMP, 'ACTIVE'),
(10, 'Sell', 'House', 'Mersch', 'Old Town', 160.0, 420000.0, false, true,
 'Old Town Family Home', 'Family-friendly house with a spacious backyard.',
 'https://www.youtube.com/watch?v=bM9iN-rP3aY', 'adnanafzal5509@gmail.com', '+352661691833', '+35298765434', CURRENT_TIMESTAMP, 'ACTIVE'),
(11, 'Sell', 'Flat', 'Luxembourg', 'Hollerich', 90.0, 280000.0, false, true,
 '2-Bed Flat in Hollerich', 'Close to transport, freshly painted, and move-in ready.',
 'https://www.youtube.com/watch?v=bM9iN-rP3aY', 'adnanafzal5509@gmail.com', '+352661691833', NULL, CURRENT_TIMESTAMP, 'ACTIVE'),
(12, 'Rent', 'Flat', 'Esch-sur-Alzette', 'Downtown', 60.0, 1500.0, false, true,
 'City Center Flat', 'Compact but comfortable, perfect for singles or couples.',
 'https://www.youtube.com/watch?v=bM9iN-rP3aY', 'adnanafzal5509@gmail.com', '+352661691833', NULL, CURRENT_TIMESTAMP, 'ACTIVE'),
(13, 'Sell', 'House', 'Wiltz', 'Green Area', 220.0, 510000.0, true, false,
 'Green Retreat House', 'Surrounded by nature, ideal for weekend getaways.',
 'https://www.youtube.com/watch?v=bM9iN-rP3aY', 'adnanafzal5509@gmail.com', '+352661691833', NULL, CURRENT_TIMESTAMP, 'PENDING'),
(14, 'Sell', 'Penthouse', 'Luxembourg', 'Limpertsberg', 200.0, 1100000.0, true, true,
 'Elegant Penthouse in Limpertsberg', 'Spacious penthouse with rooftop garden and skyline views.',
 'https://www.youtube.com/watch?v=bM9iN-rP3aY', 'adnanafzal5509@gmail.com', '+352661691833', '+35298765435', CURRENT_TIMESTAMP, 'ACTIVE'),
(15, 'Rent', 'Flat', 'Luxembourg', 'Bonnevoie', 70.0, 1800.0, false, true,
 'Modern Flat in Bonnevoie', 'Recently built flat with high-end appliances.',
 'https://www.youtube.com/watch?v=bM9iN-rP3aY', 'adnanafzal5509@gmail.com', '+352661691833', NULL, CURRENT_TIMESTAMP, 'ACTIVE'),
(16, 'Sell', 'House', 'Grevenmacher', 'Riverside', 210.0, 600000.0, true, false,
 'Riverside Family Home', 'Beautiful river views and private dock.',
 'https://www.youtube.com/watch?v=bM9iN-rP3aY', 'adnanafzal5509@gmail.com', '+352661691833', '+35298765436', CURRENT_TIMESTAMP, 'ACTIVE'),
(17, 'Sell', 'Flat', 'Luxembourg', 'Belval', 95.0, 320000.0, false, true,
 'Contemporary Flat in Belval', 'Next to shopping mall and concert hall.',
 'https://www.youtube.com/watch?v=bM9iN-rP3aY', 'adnanafzal5509@gmail.com', '+352661691833', NULL, CURRENT_TIMESTAMP, 'ACTIVE'),
(18, 'Rent', 'Flat', 'Luxembourg', 'Howald', 85.0, 2100.0, false, true,
 'Spacious Flat in Howald', 'Close to public transport, fully furnished.',
 'https://www.youtube.com/watch?v=bM9iN-rP3aY', 'adnanafzal5509@gmail.com', '+352661691833', NULL, CURRENT_TIMESTAMP, 'ACTIVE'),
(19, 'Sell', 'House', 'Diekirch', 'Central', 175.0, 470000.0, false, true,
 'Central Family House', 'Walking distance to shops, schools, and parks.',
 'https://www.youtube.com/watch?v=bM9iN-rP3aY', 'adnanafzal5509@gmail.com', '+352661691833', '+35298765437', CURRENT_TIMESTAMP, 'ACTIVE'),
(20, 'Sell', 'Farm House', 'Clervaux', 'Mountain Area', 300.0, 800000.0, true, false,
 'Mountain View Farm House', 'Breathtaking views with large agricultural land.',
 'https://www.youtube.com/watch?v=bM9iN-rP3aY', 'adnanafzal5509@gmail.com', '+352661691833', NULL, CURRENT_TIMESTAMP, 'PENDING');

-- =========================
-- AMENITIES (5 per listing)
-- =========================
INSERT INTO listing_amenities (listing_id, amenity) VALUES
(1,'parking'),(1,'internet'),(1,'garden'),(1,'security'),(1,'pool'),
(2,'internet'),(2,'balcony'),(2,'elevator'),(2,'security'),(2,'gym'),
(3,'parking'),(3,'fireplace'),(3,'garden'),(3,'barn'),(3,'well water'),
(4,'parking'),(4,'internet'),(4,'balcony'),(4,'gym'),(4,'security'),
(5,'balcony'),(5,'security'),(5,'gym'),(5,'internet'),(5,'garden'),
(6,'pool'),(6,'security'),(6,'parking'),(6,'gym'),(6,'internet'),
(7,'fireplace'),(7,'garden'),(7,'parking'),(7,'security'),(7,'internet'),
(8,'balcony'),(8,'internet'),(8,'security'),(8,'elevator'),(8,'gym'),
(9,'parking'),(9,'garden'),(9,'fireplace'),(9,'security'),(9,'barn'),
(10,'balcony'),(10,'internet'),(10,'parking'),(10,'security'),(10,'gym'),
(11,'internet'),(11,'security'),(11,'balcony'),(11,'elevator'),(11,'garden'),
(12,'security'),(12,'gym'),(12,'balcony'),(12,'internet'),(12,'parking'),
(13,'garden'),(13,'fireplace'),(13,'security'),(13,'barn'),(13,'parking'),
(14,'balcony'),(14,'internet'),(14,'parking'),(14,'security'),(14,'gym'),
(15,'balcony'),(15,'security'),(15,'internet'),(15,'elevator'),(15,'garden'),
(16,'garden'),(16,'parking'),(16,'security'),(16,'gym'),(16,'internet'),
(17,'balcony'),(17,'internet'),(17,'security'),(17,'elevator'),(17,'gym'),
(18,'security'),(18,'balcony'),(18,'parking'),(18,'gym'),(18,'internet'),
(19,'parking'),(19,'internet'),(19,'garden'),(19,'security'),(19,'pool'),
(20,'garden'),(20,'fireplace'),(20,'parking'),(20,'security'),(20,'barn');

-- =========================
-- IMAGES (5 per listing, same URL)
-- =========================
INSERT INTO listing_images (listing_id, image_url) VALUES
(1,'https://unsplash.com/photos/l-9Zg-QsPQE'),
(1,'https://unsplash.com/photos/l-9Zg-QsPQE'),
(1,'https://unsplash.com/photos/l-9Zg-QsPQE'),
(1,'https://unsplash.com/photos/l-9Zg-QsPQE'),
(1,'https://unsplash.com/photos/l-9Zg-QsPQE'),
(2,'https://unsplash.com/photos/l-9Zg-QsPQE'),
(2,'https://unsplash.com/photos/l-9Zg-QsPQE'),
(2,'https://unsplash.com/photos/l-9Zg-QsPQE'),
(2,'https://unsplash.com/photos/l-9Zg-QsPQE'),
(2,'https://unsplash.com/photos/l-9Zg-QsPQE'),
(3,'https://unsplash.com/photos/l-9Zg-QsPQE'),
(3,'https://unsplash.com/photos/l-9Zg-QsPQE'),
(3,'https://unsplash.com/photos/l-9Zg-QsPQE'),
(3,'https://unsplash.com/photos/l-9Zg-QsPQE'),
(3,'https://unsplash.com/photos/l-9Zg-QsPQE'),
(4,'https://unsplash.com/photos/l-9Zg-QsPQE'),
(4,'https://unsplash.com/photos/l-9Zg-QsPQE'),
(4,'https://unsplash.com/photos/l-9Zg-QsPQE'),
(4,'https://unsplash.com/photos/l-9Zg-QsPQE'),
(4,'https://unsplash.com/photos/l-9Zg-QsPQE'),
(5,'https://unsplash.com/photos/l-9Zg-QsPQE'),
(5,'https://unsplash.com/photos/l-9Zg-QsPQE'),
(5,'https://unsplash.com/photos/l-9Zg-QsPQE'),
(5,'https://unsplash.com/photos/l-9Zg-QsPQE'),
(5,'https://unsplash.com/photos/l-9Zg-QsPQE'),
(6,'https://unsplash.com/photos/l-9Zg-QsPQE'),
(6,'https://unsplash.com/photos/l-9Zg-QsPQE'),
(6,'https://unsplash.com/photos/l-9Zg-QsPQE'),
(6,'https://unsplash.com/photos/l-9Zg-QsPQE'),
(6,'https://unsplash.com/photos/l-9Zg-QsPQE'),
(7,'https://unsplash.com/photos/l-9Zg-QsPQE'),
(7,'https://unsplash.com/photos/l-9Zg-QsPQE'),
(7,'https://unsplash.com/photos/l-9Zg-QsPQE'),
(7,'https://unsplash.com/photos/l-9Zg-QsPQE'),
(7,'https://unsplash.com/photos/l-9Zg-QsPQE'),
(8,'https://unsplash.com/photos/l-9Zg-QsPQE'),
(8,'https://unsplash.com/photos/l-9Zg-QsPQE'),
(8,'https://unsplash.com/photos/l-9Zg-QsPQE'),
(8,'https://unsplash.com/photos/l-9Zg-QsPQE'),
(8,'https://unsplash.com/photos/l-9Zg-QsPQE'),
(9,'https://unsplash.com/photos/l-9Zg-QsPQE'),
(9,'https://unsplash.com/photos/l-9Zg-QsPQE'),
(9,'https://unsplash.com/photos/l-9Zg-QsPQE'),
(9,'https://unsplash.com/photos/l-9Zg-QsPQE'),
(9,'https://unsplash.com/photos/l-9Zg-QsPQE'),
(10,'https://unsplash.com/photos/l-9Zg-QsPQE'),
(10,'https://unsplash.com/photos/l-9Zg-QsPQE'),
(10,'https://unsplash.com/photos/l-9Zg-QsPQE'),
(10,'https://unsplash.com/photos/l-9Zg-QsPQE'),
(10,'https://unsplash.com/photos/l-9Zg-QsPQE'),
(11,'https://unsplash.com/photos/l-9Zg-QsPQE'),
(11,'https://unsplash.com/photos/l-9Zg-QsPQE'),
(11,'https://unsplash.com/photos/l-9Zg-QsPQE'),
(11,'https://unsplash.com/photos/l-9Zg-QsPQE'),
(11,'https://unsplash.com/photos/l-9Zg-QsPQE'),
(12,'https://unsplash.com/photos/l-9Zg-QsPQE'),
(12,'https://unsplash.com/photos/l-9Zg-QsPQE'),
(12,'https://unsplash.com/photos/l-9Zg-QsPQE'),
(12,'https://unsplash.com/photos/l-9Zg-QsPQE'),
(12,'https://unsplash.com/photos/l-9Zg-QsPQE'),
(13,'https://unsplash.com/photos/l-9Zg-QsPQE'),
(13,'https://unsplash.com/photos/l-9Zg-QsPQE'),
(13,'https://unsplash.com/photos/l-9Zg-QsPQE'),
(13,'https://unsplash.com/photos/l-9Zg-QsPQE'),
(13,'https://unsplash.com/photos/l-9Zg-QsPQE'),
(14,'https://unsplash.com/photos/l-9Zg-QsPQE'),
(14,'https://unsplash.com/photos/l-9Zg-QsPQE'),
(14,'https://unsplash.com/photos/l-9Zg-QsPQE'),
(14,'https://unsplash.com/photos/l-9Zg-QsPQE'),
(14,'https://unsplash.com/photos/l-9Zg-QsPQE'),
(15,'https://unsplash.com/photos/l-9Zg-QsPQE'),
(15,'https://unsplash.com/photos/l-9Zg-QsPQE'),
(15,'https://unsplash.com/photos/l-9Zg-QsPQE'),
(15,'https://unsplash.com/photos/l-9Zg-QsPQE'),
(15,'https://unsplash.com/photos/l-9Zg-QsPQE'),
(16,'https://unsplash.com/photos/l-9Zg-QsPQE'),
(16,'https://unsplash.com/photos/l-9Zg-QsPQE'),
(16,'https://unsplash.com/photos/l-9Zg-QsPQE'),
(16,'https://unsplash.com/photos/l-9Zg-QsPQE'),
(16,'https://unsplash.com/photos/l-9Zg-QsPQE'),
(17,'https://unsplash.com/photos/l-9Zg-QsPQE'),
(17,'https://unsplash.com/photos/l-9Zg-QsPQE'),
(17,'https://unsplash.com/photos/l-9Zg-QsPQE'),
(17,'https://unsplash.com/photos/l-9Zg-QsPQE'),
(17,'https://unsplash.com/photos/l-9Zg-QsPQE'),
(18,'https://unsplash.com/photos/l-9Zg-QsPQE'),
(18,'https://unsplash.com/photos/l-9Zg-QsPQE'),
(18,'https://unsplash.com/photos/l-9Zg-QsPQE'),
(18,'https://unsplash.com/photos/l-9Zg-QsPQE'),
(18,'https://unsplash.com/photos/l-9Zg-QsPQE'),
(19,'https://unsplash.com/photos/l-9Zg-QsPQE'),
(19,'https://unsplash.com/photos/l-9Zg-QsPQE'),
(19,'https://unsplash.com/photos/l-9Zg-QsPQE'),
(19,'https://unsplash.com/photos/l-9Zg-QsPQE'),
(19,'https://unsplash.com/photos/l-9Zg-QsPQE'),
(20,'https://unsplash.com/photos/l-9Zg-QsPQE'),
(20,'https://unsplash.com/photos/l-9Zg-QsPQE'),
(20,'https://unsplash.com/photos/l-9Zg-QsPQE'),
(20,'https://unsplash.com/photos/l-9Zg-QsPQE'),
(20,'https://unsplash.com/photos/l-9Zg-QsPQE');

-- =========================
-- SYNC IDENTITY/SEQUENCE
-- =========================
-- Ensures the next auto-generated id is > MAX(id) we inserted.
SELECT setval(pg_get_serial_sequence('listings','id'), COALESCE((SELECT MAX(id) FROM listings), 1), true);
